{
    "splines": [
        {
            "control_points": [
                [
                    0.824577271938324,
                    -1.38129723072052,
                    0.0
                ],
                [
                    0.02303171157836914,
                    634.900390625,
                    0.0
                ]
            ],
            "handles_left": [
                [
                    0.824577271938324,
                    -79.64014434814453,
                    0.0
                ],
                [
                    0.02303171157836914,
                    634.8076782226562,
                    0.0
                ]
            ],
            "handles_right": [
                [
                    0.824577271938324,
                    76.87755584716797,
                    0.0
                ],
                [
                    0.02303171157836914,
                    713.1592407226562,
                    0.0
                ]
            ]
        }
    ]
}