{
    "splines": [
      {
        "control_points": [
          [
            15.2772216796875,
            222.67054748535156,
            0.0
          ],
          [
            9.66257095336914,
            173.21145629882812,
            0.0
          ],
          [
            5.27518367767334,
            87.85102844238281,
            0.0
          ],
          [
            33.5810546875,
            -20.055801391601562,
            0.0
          ],
          [
            -12.306182861328125,
            -73.29844665527344,
            0.0
          ],
          [
            -18.446640014648438,
            -169.90414428710938,
            0.0
          ],
          [
            24.201499938964844,
            -230.1488037109375,
            0.0
          ],
          [
            15.963135719299316,
            -414.0007629394531,
            0.0
          ]
        ],
        "handles_left": [
          [
            15.2772216796875,
            234.2973175048828,
            0.0
          ],
          [
            15.846702575683594,
            205.75172424316406,
            0.0
          ],
          [
            -9.196110725402832,
            112.50180053710938,
            0.0
          ],
          [
            50.477928161621094,
            9.995695114135742,
            0.0
          ],
          [
            6.586149215698242,
            -57.03907775878906,
            0.0
          ],
          [
            -35.38825988769531,
            -142.79803466796875,
            0.0
          ],
          [
            3.2942047119140625,
            -199.79000854492188,
            0.0
          ],
          [
            15.774078369140625,
            -287.8696594238281,
            0.0
          ]
        ],
        "handles_right": [
          [
            15.2772216796875,
            211.0437774658203,
            0.0
          ],
          [
            6.41438627243042,
            156.11984252929688,
            0.0
          ],
          [
            24.13245391845703,
            55.72907638549805,
            0.0
          ],
          [
            23.580921173095703,
            -37.84128189086914,
            0.0
          ],
          [
            -46.745513916015625,
            -102.93807983398438,
            0.0
          ],
          [
            -7.288393974304199,
            -187.75701904296875,
            0.0
          ],
          [
            63.429168701171875,
            -287.1100158691406,
            0.0
          ],
          [
            15.987198829650879,
            -430.0546569824219,
            0.0
          ]
        ]
      },
      {
        "control_points": [
          [
            0.824577271938324,
            -1.38129723072052,
            0.0
          ],
          [
            0.02303171157836914,
            634.900390625,
            0.0
          ]
        ],
        "handles_left": [
          [
            0.824577271938324,
            -79.64014434814453,
            0.0
          ],
          [
            0.02303171157836914,
            634.8076782226562,
            0.0
          ]
        ],
        "handles_right": [
          [
            0.824577271938324,
            76.87755584716797,
            0.0
          ],
          [
            0.02303171157836914,
            713.1592407226562,
            0.0
          ]
        ]
      }
    ]
}